{
    "hyperparameters": {
        "hidden_sizes": [
            1024,
            512,
            256
        ],
        "batch_size": 64,
        "learning_rate": 0.0005,
        "epochs": 10,
        "dropout_rate": 0.2,
        "optimizer": "Adam"
    },
    "final_test_accuracy": 98.47,
    "training_losses": [
        0.24789957138004778,
        0.10746435798915115,
        0.07974235149128224,
        0.06460830372397545,
        0.0542305302664713,
        0.04538586407869822,
        0.04200368046798785,
        0.03858715989876095,
        0.03268818650244194,
        0.031138884769461583
    ],
    "test_accuracies": [
        97.01,
        97.6,
        97.99,
        97.69,
        98.18,
        98.06,
        98.27,
        97.88,
        97.93,
        98.47
    ],
    "classification_report": "              precision    recall  f1-score   support\n\n           0     0.9949    0.9878    0.9913       980\n           1     0.9947    0.9965    0.9956      1135\n           2     0.9921    0.9758    0.9839      1032\n           3     0.9841    0.9812    0.9826      1010\n           4     0.9807    0.9857    0.9832       982\n           5     0.9843    0.9854    0.9849       892\n           6     0.9926    0.9854    0.9890       958\n           7     0.9695    0.9903    0.9798      1028\n           8     0.9815    0.9815    0.9815       974\n           9     0.9724    0.9762    0.9743      1009\n\n    accuracy                         0.9847     10000\n   macro avg     0.9847    0.9846    0.9846     10000\nweighted avg     0.9848    0.9847    0.9847     10000\n"
}